﻿<?xml version="1.0" encoding="utf-8" ?>
<?xml-stylesheet type = "text/xsl" href="XSLTFile1.xslt"?>
<DS xmlns="http://tempuri.org/XMLSchema1.xsd">
 
  <HoaDon>
    <MaHD>HD1</MaHD>
    <NgayBan>25-11-09</NgayBan>
    <LoaiHang MaLoai="A" TenLoai="Dien Tu">
      <Hang MaHang="H1">
        <TenHang>TiVi</TenHang>
        <SoLuong>60</SoLuong>
        <DonViTinh>Chiec</DonViTinh>
        <DonGia>600000000</DonGia>
      </Hang>

      <Hang MaHang="H2">
        <TenHang>Tu Lach</TenHang>
        <SoLuong>80</SoLuong>
        <DonViTinh>Chiec</DonViTinh>
        <DonGia>420000000</DonGia>
      </Hang>
    </LoaiHang>
  </HoaDon>
  
</DS>